middle_gold,late_gold
-18.2,-4.66
-1.38,1.93
14.35,20.11
-22.33,-18.2
-18.55,-8.74
-6.32,-1.05
6.52,1.39
6.19,11.2
7.34,8.01
-2.88,9.54
32.5,-8.66
-4.9,-7.0
-20.08,-6.72
6.64,14.83
20.77,33.0
4.83,-26.97
1.7,-5.68
29.2,18.35
3.42,-15.51
-10.92,-3.7
-11.74,-25.26
14.58,2.97
2.43,1.51
-0.73,12.49
-11.96,-20.92
6.74,20.6
5.74,26.78
6.54,13.55
6.45,25.33
-16.39,-8.54
15.86,22.87
-1.25,-9.06
3.57,22.2
-2.7,-3.94
-4.35,-36.21
17.75,20.47
14.4,12.93
1.94,7.34
11.39,10.88
-1.27,-7.06
10.14,23.46
11.91,19.13
9.27,0.81
-3.09,-4.73
9.67,35.56
1.5,34.98
-9.26,-21.23
34.07,33.88
1.22,-15.88
-6.57,-18.9
-19.72,-24.01
4.37,7.63
33.75,23.26
1.79,-10.34
-1.58,3.67
-2.52,5.02
-5.83,-4.13
-11.98,-8.23
-8.92,-18.57
12.63,16.95
-2.94,5.1
25.08,38.93
4.19,8.25
5.75,-10.25
-12.93,-20.44
4.15,-4.38
-5.49,-9.97
-5.57,-0.54
-2.02,-6.9
1.24,25.22
-15.83,-16.02
2.6,6.69
-2.91,2.89
30.53,56.33
37.95,43.98
-0.71,-16.87
-13.98,-27.42
2.96,-4.68
19.32,48.88
-16.44,-15.19
13.32,13.9
-6.16,-14.01
1.42,-3.18
-25.34,-27.19
1.38,-23.94
-2.16,0.24
14.02,18.74
-0.88,7.15
15.84,21.26
13.68,24.54
-4.87,-3.14
9.35,18.9
9.29,33.36
-4.92,4.1
6.56,3.87
11.75,26.78
13.91,14.11
-11.95,-19.31
-11.96,-10.7
-4.75,-3.27
6.44,11.04
15.13,7.34
2.76,0.86
3.88,-7.33
-6.46,-9.27
-4.07,7.56
18.14,38.89
5.47,14.81
-13.54,-13.86
3.13,-7.65
1.95,11.81
29.09,35.41
-2.49,14.94
18.12,22.38
-18.05,-16.31
-1.64,-24.62
-13.19,2.67
-23.49,-31.11
-19.31,-29.62
8.32,21.76
-7.58,-22.7
-12.5,-17.81
25.11,33.87
-22.16,-39.4
11.24,11.95
28.08,38.03
9.7,26.07
0.19,-4.98
-15.39,-5.13
-0.1,-2.39
13.25,33.18
-13.27,-9.09
12.83,13.4
-65.96,-38.63
-37.09,-53.33
11.27,30.56
7.67,8.88
-28.15,-43.76
-0.32,-13.51
-9.67,-17.55
16.14,34.24
-4.82,-9.19
-0.71,-0.9
12.35,1.41
8.21,13.81
6.72,15.07
-17.87,-45.77
17.73,28.95
0.97,15.08
-8.49,-7.41
-2.23,-4.71
-3.77,10.72
22.9,43.3
-9.03,-10.55
12.6,19.83
-5.93,-23.73
5.07,9.79
-4.13,12.26
7.54,37.38
3.96,-4.36
5.1,10.28
-10.58,-8.81
-4.52,-3.74
-11.44,-8.49
-19.49,-22.67
14.45,21.51
-5.36,-9.3
-15.45,-0.89
-25.2,-21.89
3.37,17.52
-17.76,-3.47
30.94,35.93
18.36,31.16
8.38,27.81
14.86,29.87
9.12,1.82
-6.97,-12.27
3.05,-3.51
-10.12,-8.81
-24.82,-39.81
-3.0,-8.29
0.54,-2.33
-7.59,-7.92
-0.95,-2.28
-2.67,4.84
-19.24,-22.36
-8.64,0.52
-19.93,-31.79
-13.46,-22.63
4.5,11.22
-10.28,-26.41
-32.19,-23.4
-21.82,-11.41
8.11,10.27
25.0,15.71
-5.79,-1.3
5.89,10.67
-3.46,7.15
-21.76,-35.7
9.04,20.29
27.2,44.8
-26.21,-5.53
37.11,50.91
11.26,13.97
-3.42,-12.81
-1.84,-7.43
8.15,29.87
5.94,26.2
-11.64,-20.44
-29.96,-23.39
7.19,4.3
1.17,-7.07
8.52,11.53
-9.7,-9.58
-20.82,-29.48
-1.84,5.97
-11.99,-6.85
23.13,12.1
8.09,6.6
-10.31,-13.13
-5.54,-9.57
4.17,9.39
-10.99,17.98
24.5,23.22
9.37,8.0
-4.04,0.57
5.47,1.0
2.26,1.76
-1.61,-10.48
-2.97,1.71
-0.64,-5.7
-7.11,3.79
8.8,15.48
12.15,11.23
-37.12,-49.09
4.34,-0.25
9.68,2.94
0.3,-4.88
-8.8,-5.39
11.13,29.69
0.35,-13.07
6.64,12.75
8.63,21.83
-2.56,14.06
-16.37,-26.84
15.61,8.87
13.57,24.11
8.17,3.0
4.15,-1.45
0.93,4.88
17.16,19.55
38.74,72.84
-7.04,-12.32
-11.84,-2.81
-4.77,8.32
-12.44,-2.51
2.44,9.13
10.99,24.23
-12.02,1.88
14.12,31.37
0.52,-10.12
-7.66,-9.13
-16.95,-7.15
-9.25,-2.59
5.65,-5.99
16.68,17.05
-6.06,13.57
10.44,12.7
-7.89,0.95
-10.98,-33.03
-7.36,2.77
2.45,2.4
-0.34,18.97
28.38,4.69
6.97,9.0
2.58,6.87
12.42,15.43
-7.11,-9.6
0.11,-2.51
3.74,11.69
-1.76,-12.7
25.18,39.94
-7.46,-11.68
17.56,13.08
-5.23,-16.1
-3.15,-23.23
-9.98,-9.7
5.5,0.35
18.54,19.88
33.17,39.4
-7.32,-18.35
-8.58,-3.77
-1.97,-12.76
-5.59,-18.08
-13.71,-27.76
3.85,-3.58
13.18,11.02
3.92,-4.06
0.04,-9.26
8.22,1.76
3.21,-11.26
-3.7,-1.12
29.01,35.06
-5.45,6.79
-11.66,-8.59
-6.19,7.04
-13.86,1.87
9.37,19.87
10.48,-7.09
9.45,-2.54
1.41,-8.48
-30.35,-16.72
-0.55,4.43
9.12,4.45
2.02,-0.34
-9.83,-1.07
5.79,8.2
24.24,102.5
7.86,0.82
-17.7,-9.14
6.37,5.41
0.75,-2.44
-13.03,-21.76
-22.45,-19.18
14.3,15.13
1.31,3.16
2.07,-4.08
11.26,33.0
-16.87,-15.34
-2.03,-13.96
10.15,27.61
9.36,21.45
8.43,-3.29
-1.04,19.12
-1.41,-5.2
4.54,-0.63
-1.63,-2.87
-5.34,-3.92
3.33,9.52
11.3,12.25
4.68,6.32
5.39,-3.18
6.36,-4.07
0.4,-11.21
3.41,21.85
-3.29,1.15
4.53,2.79
3.51,-10.25
10.13,18.81
-9.62,-16.1
-15.1,-13.59
1.41,-0.55
4.97,31.35
-16.85,-28.19
2.08,2.36
-1.98,-13.35
-27.73,-18.92
-5.12,-13.77
-6.72,-11.51
8.38,6.08
-17.26,-20.94
-0.03,-9.41
-0.93,-1.97
-17.17,-33.01
8.31,12.63
-9.38,-22.43
-3.51,-7.52
6.46,22.45
8.36,-5.35
-1.68,0.2
-5.66,-4.92
-4.55,13.15
-8.75,2.99
-4.46,9.95
4.58,2.11
-2.72,-16.94
5.68,-9.22
-18.89,-15.97
0.48,3.27
9.99,4.51
-3.96,-24.67
-2.1,8.62
7.98,17.51
-9.34,-19.26
-14.13,-0.1
-10.13,-1.61
5.0,20.87
-2.42,-30.73
-6.4,-6.07
3.04,5.62
-1.03,-7.32
4.84,14.86
1.64,22.72
-3.46,-24.56
2.48,20.98
8.3,-9.63
-25.3,-38.92
-8.47,-9.46
-8.84,-6.61
7.61,1.15
-17.19,-2.37
-4.81,-17.6
8.83,25.33
12.93,21.27
2.0,-13.59
5.96,17.64
2.91,23.53
-13.39,-28.98
-2.45,1.12
9.42,12.23
-2.38,-1.92
-0.89,-7.71
3.54,-2.38
5.14,7.98
-6.21,-18.18
-7.78,11.89
13.68,-2.06
-2.92,11.65
4.48,-11.42
6.97,-9.02
-32.57,-42.21
-12.09,0.13
-18.05,-16.05
1.67,-2.23
-5.42,-2.82
-3.7,-9.54
-11.42,-6.3
0.07,-16.94
-5.99,-8.71
10.45,11.58
5.29,-2.31
21.77,22.26
-6.82,-27.41
-6.05,-2.85
3.05,15.11
5.24,18.47
-15.92,-4.2
-1.87,-4.27
-0.39,13.32
0.65,3.78
14.31,19.07
-1.95,11.65
0.96,6.72
-9.28,-31.16
-9.08,3.79
-3.9,-19.73
-8.28,13.41
-2.71,10.05
-2.52,5.26
-1.89,4.84
-3.38,-9.03
-7.47,-26.03
-4.95,-0.29
-4.07,0.38
3.87,-3.27
5.66,17.99
-3.03,-14.2
-0.17,-6.09
1.47,-5.02
-8.32,-14.53
2.91,-22.97
12.98,23.92
-2.74,19.12
-2.37,-13.05
-32.85,-9.33
-16.72,-17.01
-8.99,0.24
4.61,8.7
-2.31,9.16
-3.42,-12.3
10.43,3.54
-7.59,10.24
-3.33,16.37
-18.6,-20.16
7.69,-8.65
3.78,-14.05
-3.21,-3.42
4.56,-1.83
0.01,1.26
-3.09,-13.33
-4.88,0.17
-12.86,8.75
6.26,18.86
0.74,9.38
1.03,-4.9
4.69,-0.02
2.01,-11.03
3.37,9.04
-3.3,-10.28
-1.69,-14.74
8.23,25.12
-6.13,-21.25
6.85,-9.68
-2.23,4.14
4.11,20.58
-14.78,-10.39
10.92,20.81
-11.91,2.19
-12.4,-9.38
-5.13,9.41
-3.71,-14.23
3.77,0.18
0.03,-11.6
0.42,14.25
15.94,20.21
-1.0,3.03
17.38,12.22
4.62,-1.12
1.99,-13.33
-6.6,-11.85
13.12,26.94
17.67,8.67
4.37,12.57
6.82,8.33
2.75,6.77
-7.03,-15.27
-13.15,-21.01
1.45,-0.73
7.63,10.64
-4.55,-2.86
4.68,16.21
8.46,6.13
2.37,3.02
7.69,9.66
15.13,-2.86
22.45,13.17
-3.82,-11.13
-1.65,-4.94
0.38,6.26
-0.2,19.85
-3.25,4.26
11.99,25.45
8.56,3.39
7.85,12.89
2.93,-8.03
-10.83,-13.59
-1.28,-7.98
6.74,23.88
-3.32,0.46
7.46,15.17
1.19,10.09
8.43,6.27
15.84,11.15
9.9,15.43
5.69,19.87
0.41,4.89
-2.87,1.86
9.37,2.82
-8.13,-20.47
-21.83,-34.24
-3.22,-19.28
-9.76,6.36
-2.89,-6.04
3.61,1.24
4.95,16.0
3.49,8.23
17.58,24.73
-20.0,-40.76
2.37,-7.82
-8.24,-46.06
-6.99,-15.1
2.11,2.42
-1.45,34.21
5.76,10.9
0.46,14.59
-4.74,-23.57
17.73,2.88
-28.64,-13.2
-9.13,-10.74
0.25,6.29
-1.01,-12.18
12.01,13.75
5.94,-0.14
1.6,5.91
43.41,32.09
-4.95,-6.89
-11.11,-28.6
-41.51,-60.62
-12.78,0.79
7.79,39.62
-3.68,-2.58
19.47,35.85
35.71,38.97
-13.46,-7.26
1.8,-7.6
20.75,4.67
-8.48,-7.28
0.82,-16.96
7.54,32.27
8.18,22.42
0.85,3.81
9.5,7.92
8.85,-9.93
6.77,12.77
-11.82,-15.87
-18.33,-2.11
-0.25,1.85
-6.88,-14.99
-4.45,-15.67
19.84,25.24
-16.91,1.75
13.19,-13.84
-4.52,-14.11
-6.64,-19.61
-3.84,7.4
2.07,9.36
8.06,22.85
22.61,36.2
8.95,1.54
-7.32,-23.38
-13.4,-23.89
12.29,18.66
-12.16,-23.59
1.84,-2.04
-5.36,-24.28
-11.96,-8.04
-2.48,-22.89
-2.67,7.0
13.44,13.27
2.76,1.73
-5.27,-14.17
-13.61,-21.92
-1.16,-8.13
1.36,-1.79
13.58,22.92
-12.8,17.4
-14.6,-23.63
18.8,35.78
11.71,4.96
17.29,23.12
-6.7,-0.09
1.08,-22.43
-8.18,-14.4
4.3,-3.17
31.7,47.73
6.62,21.28
-2.3,2.61
18.26,26.17
-5.24,-10.61
-6.47,-14.52
-7.03,-1.1
-19.99,-36.04
7.57,4.28
-0.64,-17.04
29.81,37.34
11.76,27.32
4.24,21.73
19.67,33.67
34.17,27.34
13.06,2.4
-21.82,-29.59
7.12,-1.02
12.08,10.06
2.59,-23.75
-2.2,8.2
4.58,10.19
26.86,43.72
-17.77,-10.85
40.64,39.33
10.54,17.51
-5.31,-15.75
11.98,15.95
-1.53,0.48
20.05,6.16
-8.75,-14.19
15.57,-11.18
25.52,38.21
-14.07,-9.93
16.52,32.7
-17.17,7.38
10.3,23.92
-26.27,-2.13
10.3,6.67
12.34,15.75
12.02,15.07
-8.7,-19.69
-6.33,-32.11
4.82,-4.01
-20.03,5.75
13.43,34.48
-3.79,-12.31
-2.14,-5.64
-15.1,-48.79
12.52,28.61
7.88,16.59
-2.02,-4.63
-27.19,-31.57
4.62,-14.13
-22.38,-38.95
-19.18,-5.46
-28.31,-49.5
12.69,27.66
18.41,37.49
-13.33,7.73
-2.41,33.4
-7.49,-10.29
-7.18,-14.86
-23.47,-13.34
2.99,13.12
16.22,17.04
-9.71,-25.1
9.0,1.19
-7.28,-2.18
-11.06,-5.29
-11.9,-17.91
8.08,0.25
8.82,25.46
-35.76,-14.07
2.89,10.17
-0.29,11.23
9.27,24.2
2.94,21.31
-5.68,3.49
25.84,14.51
45.06,62.03
-14.7,-7.7
3.36,15.18
24.79,6.14
-13.7,-21.56
-8.69,-7.02
13.57,21.52
-3.74,28.38
-4.8,-3.64
-7.31,-18.26
-22.81,0.65
11.03,-24.95
8.36,-4.82
-33.48,-39.44
2.2,17.47
2.2,17.47
7.11,-0.28
-3.69,13.24
4.22,-1.18
3.65,-11.68
16.21,29.69
8.66,19.08
0.03,18.95
-0.77,-12.74
-6.52,-18.28
-12.48,-4.53
12.39,11.52
7.63,1.27
18.27,25.31
7.0,4.23
-7.39,-15.71
-11.17,-22.94
7.24,19.75
-8.94,-17.8
-4.9,9.01
-13.05,-6.59
-14.36,-4.68
15.25,13.01
4.64,21.57
7.08,-3.38
21.5,31.45
-8.44,-19.87
-1.25,16.42
-0.74,-0.86
8.03,9.73
-20.96,-40.67
1.75,3.53
-11.35,-0.13
-18.09,-13.51
-10.94,-27.12
1.34,-1.39
31.97,40.66
-2.07,-2.25
-9.21,-15.87
-14.18,-5.13
-3.02,10.39
17.21,20.34
4.39,-12.17
-26.05,-18.82
-12.22,-17.78
1.27,15.62
8.91,11.31
-11.05,-36.22
-5.91,-5.12
-16.56,0.3
3.82,-20.1
9.2,-3.31
-10.5,-16.31
-0.42,15.87
-18.54,-4.8
-10.85,10.26
-7.26,-7.82
-8.82,-1.5
-15.74,-27.94
1.21,-5.39
4.02,2.85
4.58,4.06
1.69,4.35
16.06,8.77
-12.68,-23.45
0.95,22.98
10.89,11.44
14.38,17.49
4.25,-2.15
-10.51,2.41
-14.86,-15.05
-5.57,8.44
6.27,12.07
-8.82,-20.11
1.37,-6.67
6.41,1.32
1.5,16.94
6.01,6.16
-10.57,-4.68
6.01,13.6
17.01,31.55
-9.53,-1.11
3.33,5.78
11.28,23.4
28.98,39.18
5.84,0.67
-16.61,-12.63
17.91,21.13
-11.69,-34.18
-2.56,9.76
-16.03,-7.03
1.5,-23.37
-26.34,-23.45
26.82,17.86
4.4,2.13
14.07,15.83
-1.17,33.21
-7.14,-11.27
0.31,23.62
-12.67,-14.16
14.71,4.84
-17.31,-11.05
14.99,29.26
2.07,3.84
-33.3,-18.1
2.47,16.49
2.41,9.91
-5.55,-7.28
-5.67,-16.26
6.89,-7.64
7.52,42.71
5.31,17.02
3.12,20.07
8.2,17.53
18.98,47.38
-27.23,-15.58
9.19,-11.59
11.83,23.2
1.3,-26.21
-5.66,-10.79
-7.29,3.54
-4.99,-10.77
-3.82,-24.54
-20.94,-6.39
-8.41,1.64
10.24,16.09
4.36,3.18
19.89,30.11
-2.85,-20.22
14.19,18.24
-13.71,-20.32
18.48,12.95
4.16,-17.85
-0.7,14.18
-10.83,14.2
-0.84,9.53
-7.28,-22.78
-9.27,9.78
-7.38,6.89
-5.78,5.07
-14.21,-12.19
-5.87,-19.01
4.53,3.36
-34.17,-43.28
-9.87,-16.82
6.1,-0.97
1.67,2.16
1.61,7.46
-14.27,-22.36
2.2,-11.61
-6.61,23.03
-16.15,-35.98
3.45,1.36
10.62,17.85
2.28,-13.09
-3.04,-10.09
3.18,16.17
-0.01,18.73
4.69,-14.19
5.65,18.74
-13.78,-27.56
-26.58,-36.76
11.42,18.61
12.99,17.01
-8.87,-16.33
14.61,9.82
-2.59,7.94
0.64,11.36
-11.94,-27.81
-3.03,19.85
3.88,-2.75
9.46,35.03
6.45,26.92
-12.77,-24.26
-4.21,9.03
7.74,-12.47
-4.88,4.72
7.24,13.06
-0.11,-21.31
7.14,-7.32
-14.22,-13.76
3.35,-12.41
-8.0,-3.23
-6.69,-18.15
-3.87,-4.83
-1.2,2.5
23.41,9.01
11.74,4.83
-7.17,-11.16
-6.39,-30.71
17.99,14.32
-3.98,14.49
-9.51,5.91
13.27,10.97
16.63,37.67
10.56,-3.02
-3.54,-6.59
33.78,25.92
-2.38,-13.22
31.78,35.45
7.71,26.98
4.36,14.17
8.88,-0.29
-6.38,15.44
-3.11,13.19
6.26,1.31
2.31,6.72
-6.19,5.06
13.2,8.73
-19.53,-32.11
-22.21,-26.04
5.82,25.96
0.74,-0.76
7.56,3.64
-3.34,-28.32
-5.79,-6.97
27.38,3.68
20.66,14.76
-1.62,-0.52
-8.25,3.81
21.48,19.39
11.71,-5.83
-0.61,9.16
23.31,7.72
-10.57,-10.03
3.35,8.91
1.01,-6.35
18.26,0.47
2.37,1.76
3.6,-2.25
-8.93,-7.98
-14.26,-12.73
-2.23,-9.2
-3.02,4.12
-8.1,-10.15
-7.23,-26.78
7.41,-1.28
11.31,21.7
-6.37,6.4
-4.77,-16.28
2.28,-3.43
1.39,-7.05
-22.21,-19.63
3.54,-4.99
-46.79,-64.69
-3.16,0.75
-5.0,-9.74
-4.2,6.29
9.17,-1.81
-0.18,-9.92
3.86,11.43
-0.67,4.21
19.0,24.41
-8.96,-27.96
-4.0,-7.82
-4.43,0.38
-7.46,-28.16
8.93,16.21
-10.1,3.44
-14.95,-22.63
-0.94,-7.64
-6.91,0.2
8.15,-2.67
2.15,1.8
9.06,15.98
-41.41,-35.34
26.08,32.83
8.79,25.22
-8.78,-26.49
-13.18,5.71
9.05,9.74
32.11,61.29
9.41,12.49
-4.53,-13.67
-13.75,-10.93
12.55,24.18
1.35,8.17
-9.72,0.22
-13.24,-2.43
6.85,0.18
-4.55,-15.09
2.62,-17.74
-19.2,-25.73
-0.8,5.96
-9.97,-10.27
16.02,7.29
-10.74,1.8
7.73,18.79
-20.12,-25.9
-5.53,-33.22
-0.52,9.44
11.1,17.18
18.41,22.28
23.38,45.78
11.72,21.25
-7.31,-11.01
-22.27,-21.06
-21.6,-36.97
9.01,5.56
-5.61,0.62
24.55,39.03
11.61,28.18
0.62,-17.67
1.93,22.09
-5.52,-3.24
-4.71,-8.75
-3.82,5.9
-8.23,-40.79
-9.05,-7.42
-25.28,-36.94
1.54,0.21
-3.02,-20.32
9.57,13.08
3.71,9.41
-32.26,-36.62
15.32,27.33
0.37,-2.18
-10.81,-23.13
14.23,-10.68
2.11,4.07
-2.24,-5.63
9.15,3.23
32.36,55.17
-3.23,-19.03
1.26,14.36
23.47,29.91
-46.15,-47.73
1.47,16.38
11.7,22.01
-4.94,-0.25
-19.32,-23.12
7.93,31.05
-20.38,0.21
-5.28,-5.46
-14.12,-10.54
-9.07,12.45
-4.25,8.94
12.28,11.81
-7.84,-25.61
12.5,14.73
1.78,13.27
8.05,6.6
-3.03,-1.5
-4.8,6.84
12.12,31.45
-24.18,-9.88
5.23,-9.67
20.71,2.95
2.76,22.63
-3.6,-4.2
42.91,44.24
5.49,26.9
8.53,13.41
-18.64,-3.82
-3.22,4.78
-3.69,-5.59
-0.48,-0.18
2.1,-22.82
19.63,-3.25
-10.79,-8.19
-25.65,-28.96
-4.43,-10.36
4.94,5.47
7.17,20.25
18.44,36.78
-6.22,9.99
-1.72,17.67
-10.45,-7.79
-2.89,-11.8
-5.11,-17.62
-6.31,-9.03
0.98,-0.27
18.6,19.07
-19.99,-14.53
-12.32,-25.47
-13.01,-13.19
7.45,7.0
-9.07,0.1
11.78,8.6
17.41,11.43
-0.47,-32.11
-7.64,-10.43
6.06,-23.36
15.06,13.37
34.15,40.2
-3.84,-25.86
27.51,35.31
10.13,-5.84
24.21,47.92
-4.05,-8.69
21.25,21.61
-24.21,-42.23
8.5,21.78
5.09,-4.23
-7.56,3.03
6.01,6.3
-6.29,-21.2
-5.08,-20.01
11.7,21.91
-7.39,-19.96
-20.03,-19.94
-18.37,-18.5
-3.85,-10.94
-8.63,-21.21
-10.47,-14.39
-8.65,-3.49
4.77,4.59
-5.51,-5.24
-24.77,-39.36
20.98,3.91
-0.81,-11.39
7.49,13.03
12.79,29.28
8.35,2.21
0.22,3.4
-0.45,14.86
-6.65,-28.09
-6.65,-9.94
-2.51,26.92
24.52,42.59
21.42,16.46
8.47,18.44
-20.76,-30.9
-22.93,-53.3
-5.31,15.88
13.47,25.62
9.03,13.05
-11.67,-37.35
2.49,-2.2
14.96,1.0
10.58,15.23
-1.01,-22.67
1.01,-29.5
4.51,-7.65
5.71,38.51
-8.35,-5.97
14.94,4.18
-1.52,-11.5
-20.06,3.21
2.77,-3.07
-3.5,24.29
-0.22,5.26
-3.75,7.93
-0.2,-18.93
12.41,24.49
-2.93,8.71
-4.96,11.31
20.28,21.38
-9.2,-11.2
-15.55,-25.45
9.42,-6.05
13.47,5.11
-5.33,3.41
23.49,12.36
15.48,19.76
5.06,-4.43
-26.74,-22.32
26.22,48.14
13.91,21.98
-6.25,2.87
9.33,25.4
-26.44,-22.53
46.25,38.29
6.36,-5.69
4.33,0.73
-7.06,-23.13
-24.89,-43.16
-19.18,-9.16
-7.01,-8.34
2.77,4.85
19.73,4.23
-19.86,-47.03
-1.25,-21.27
-2.76,-17.1
2.32,1.49
5.38,-6.16
-5.55,-1.94
-1.35,5.37
8.46,-1.12
-9.15,-15.33
-6.28,-7.4
-0.89,6.22
9.12,9.0
7.2,15.07
17.5,8.87
14.28,10.5
-23.38,-30.69
12.75,4.06
-22.05,-20.44
-7.85,-11.16
-9.03,-12.93
-10.23,-17.61
-9.08,-6.81
-19.88,-23.93
33.34,39.55
-1.14,-6.3
-1.72,5.37
3.28,6.88
-2.23,-19.66
-19.97,-20.9
1.57,9.44
-11.15,-19.39
-8.02,-4.84
1.73,-5.96
-12.0,-19.89
-5.53,24.01
6.92,14.49
13.32,16.08
-8.41,-17.65
-0.71,-7.15
-8.53,-13.68
2.55,-2.95
23.3,23.65
-3.6,-12.71
-4.0,13.98
20.43,32.72
-14.89,-31.89
3.64,-23.03
9.53,7.23
-12.29,-3.59
-2.97,-14.08
-12.22,-27.12
2.63,9.29
-14.41,-28.77
2.76,10.75
-26.04,-26.22
9.89,17.8
8.82,-2.04
1.37,23.08
9.67,5.35
3.27,6.44
-9.62,13.33
3.99,-7.26
4.34,2.76
6.36,4.99
10.23,28.54
2.31,7.85
-14.72,-12.24
6.34,11.27
-3.26,-3.17
26.67,44.58
-8.0,-11.14
-3.99,-6.36
-8.54,-25.57
-8.78,-14.48
7.71,15.88
9.26,21.89
-23.9,-24.69
12.43,19.73
-15.09,-14.64
4.19,4.14
6.04,13.24
-9.73,-16.83
15.13,16.56
-7.63,-7.98
-10.89,-33.46
9.54,14.88
13.17,19.79
13.25,3.27
6.72,-0.63
7.96,-4.52
15.48,5.71
-9.92,-28.07
13.14,-4.91
1.03,3.8
8.85,17.68
-14.13,-6.47
13.65,17.09
8.78,24.48
-18.88,-9.85
21.2,37.38
-4.58,3.67
13.3,24.76
-1.13,3.9
-2.06,-13.96
0.34,-15.16
2.31,1.37
5.18,3.78
-5.56,-14.75
-8.4,-14.36
-2.96,-0.79
16.46,20.97
-10.98,-22.32
-18.38,-12.22
5.01,3.77
-1.53,15.99
10.74,4.82
16.21,27.9
1.98,-5.09
-4.42,-19.54
10.62,22.48
2.16,4.45
-3.76,0.42
6.28,6.0
13.83,16.02
-14.78,-40.18
4.97,21.93
2.88,-0.52
-2.89,13.83
6.07,1.52
1.8,6.14
3.87,11.74
10.53,10.42
-5.05,-2.77
-10.78,-8.88
-15.18,-28.54
-17.75,-26.71
-0.12,0.97
3.93,18.68
9.14,19.7
-11.02,1.3
19.37,27.03
0.83,-7.67
3.55,-10.56
-11.65,-18.7
8.07,20.92
1.65,-10.36
4.26,14.01
-55.13,-53.12
-8.88,-7.06
-6.43,-23.04
4.12,1.29
-19.37,-22.85
-2.86,-6.96
-9.35,-1.43
-7.39,-24.19
-3.86,9.16
-7.02,-31.41
-7.9,-8.68
1.15,4.34
-6.74,2.05
-17.37,-32.61
4.99,-1.51
10.48,7.24
9.67,25.29
-5.96,1.73
-15.59,-6.49
-1.27,-6.3
-8.22,5.57
-7.6,2.0
18.16,23.22
-7.11,-9.11
-1.59,4.37
13.08,16.49
-5.91,-16.74
4.51,4.37
-7.57,0.3
5.33,-17.54
-0.67,5.59
-8.25,-23.15
3.28,4.07
2.62,3.2
7.97,4.73
-7.98,11.98
15.54,38.98
-4.85,-8.28
-18.27,-24.32
2.93,4.63
-1.09,-8.71
-3.99,-2.43
10.21,5.3
19.46,38.65
8.4,7.29
2.96,-16.36
15.35,18.42
-11.58,-13.12
-4.48,-11.93
9.49,25.83
23.01,20.94
-2.69,8.91
-1.46,-17.95
-18.02,-23.27
-14.18,-15.02
-8.72,-27.74
-1.6,5.39
0.25,7.29
8.92,24.43
-8.35,-20.34
-8.12,0.05
0.28,-5.02
-3.26,17.42
-0.11,33.49
-3.32,-8.06
2.61,8.71
40.79,27.81
7.44,5.93
-7.02,-5.47
-4.52,-27.76
3.82,6.67
24.88,32.75
-4.94,-7.47
-6.88,-21.89
-11.23,-14.64
-14.41,8.2
-18.7,-14.77
-3.19,-4.28
0.87,9.14
-8.9,-1.01
-2.96,-12.67
-6.69,-28.46
8.63,29.2
13.75,-3.71
-12.38,-24.4
6.6,20.95
7.76,16.24
-1.07,-4.1
5.44,0.12
-8.06,-9.85
-6.44,-8.72
-6.49,4.05
-19.23,-41.64
0.31,1.06
7.97,21.24
5.28,7.85
0.58,7.85
24.74,33.87
-10.66,-10.07
-3.61,-34.32
5.95,23.33
-18.88,-25.59
-11.05,-6.52
12.18,-7.72
5.54,5.72
-12.1,-24.29
-2.91,-19.96
-12.76,-8.27
8.41,5.42
-26.5,-73.69
18.81,17.63
9.42,20.05
-10.93,-13.5
-10.45,10.82
0.72,7.61
10.62,14.31
13.46,19.71
-3.65,0.71
-1.09,-7.38
-4.25,-2.08
4.47,-1.14
4.49,-9.77
1.24,13.87
-16.03,-6.92
5.42,2.23
2.05,-3.75
2.05,4.04
10.23,11.26
5.01,5.46
-5.53,1.12
22.11,21.7
1.69,13.63
3.06,14.34
-4.09,-2.51
-2.67,15.3
-0.38,-19.27
-5.13,-13.56
-5.9,-23.19
-1.69,-6.91
14.84,4.95
0.46,-7.19
-11.93,-6.97
-10.77,-7.51
14.43,3.49
8.53,5.35
33.07,34.85
9.11,21.63
26.26,20.06
-8.77,-18.39
5.67,10.74
-9.88,7.0
7.91,-15.15
1.81,2.02
0.31,-3.53
13.54,-0.17
9.29,9.75
-5.69,-2.41
7.85,19.42
-13.96,-9.82
1.46,-3.48
-1.17,23.12
2.2,-12.48
-4.81,-9.43
13.78,19.99
16.21,23.56
-9.55,-15.84
0.84,-9.21
3.6,7.94
-2.74,-13.2
-7.42,-0.99
1.96,-14.16
-21.6,-5.25
-7.25,2.84
3.32,-6.44
8.29,1.59
-16.16,-11.4
-6.66,-2.09
5.6,5.8
-5.26,-1.26
-3.17,-4.16
14.81,45.21
2.78,5.67
-10.95,-1.88
-10.22,-5.7
18.67,19.06
18.24,28.76
6.74,2.59
-8.77,0.87
4.77,-0.11
-6.72,7.31
2.28,1.5
-3.87,-33.48
9.11,5.67
14.62,2.03
-23.89,-33.99
-14.42,-14.21
-8.63,-15.96
-59.74,-72.45
-8.72,-11.92
8.57,15.88
11.73,20.97
1.22,-2.27
0.82,-1.9
5.34,3.03
-1.35,-19.48
-2.64,-7.53
5.38,15.11
16.56,29.38
-17.36,-20.5
-16.25,-8.64
-9.4,-28.69
-12.35,-1.5
-15.25,-23.39
-11.04,-21.86
-6.31,8.26
3.7,-15.82
4.16,9.92
0.03,15.14
30.79,69.76
-0.01,-8.48
0.4,6.87
-5.66,7.25
5.35,-6.74
51.19,90.4
-27.52,-6.76
6.45,12.97
-8.16,-1.91
-1.62,6.74
-14.88,-2.57
14.06,33.32
-1.98,-6.39
-1.95,-3.74
0.24,6.98
-4.38,4.75
-0.84,-3.31
5.91,34.13
-12.19,-7.85
-8.37,14.06
-0.37,-13.91
30.69,35.35
21.75,12.76
26.0,36.71
2.14,4.16
-11.83,-13.68
-10.07,-41.99
3.52,10.93
37.79,42.11
31.78,33.82
-20.32,1.46
-1.78,-8.75
5.04,-6.11
14.64,36.18
-13.26,-10.41
-9.14,-0.84
6.53,18.32
17.18,20.52
4.18,5.76
5.74,6.66
-5.41,-1.31
1.9,16.13
-7.11,-5.71
-13.84,-35.48
-20.29,-10.98
14.65,7.02
-11.31,-12.38
5.03,-0.95
11.94,18.18
7.45,19.55
8.62,13.03
-8.75,-11.78
8.47,13.31
0.99,13.31
23.0,42.13
-6.3,3.68
-3.65,-6.82
-22.81,-37.25
-2.18,-23.49
7.31,24.23
-5.01,9.36
5.61,25.04
13.38,41.62
-8.08,-4.72
-7.44,0.76
-1.87,-12.45
-8.88,-16.29
4.71,13.82
1.13,-4.73
5.42,10.22
-1.82,2.37
15.21,23.47
-3.03,-16.69
1.59,-6.82
11.15,21.27
4.73,-18.63
2.22,-4.45
2.77,20.53
6.09,32.31
6.32,11.52
8.63,17.15
-16.96,-26.62
-5.96,7.5
-16.84,-7.3
6.91,15.33
0.95,22.18
3.52,7.93
-8.85,-20.4
27.44,31.89
-1.77,-17.73
2.94,20.64
5.22,-18.07
24.61,33.86
13.08,34.53
9.65,8.76
-13.1,8.97
4.39,-15.25
-8.37,-9.19
-6.54,-10.24
0.46,7.32
14.59,12.0
3.07,15.36
-25.29,-22.74
-0.34,-4.82
4.26,11.02
-16.84,-14.11
15.26,24.82
-3.57,-10.12
2.89,5.88
-9.78,-26.86
12.25,14.67
-14.14,-10.9
-9.25,9.01
-2.07,-12.86
0.79,-3.36
13.44,9.16
-18.9,-31.33
2.18,-5.45
-14.51,-31.14
-12.2,-26.57
-13.03,-10.89
3.18,8.75
-3.45,5.52
-2.51,2.99
-6.27,-4.07
-0.76,-3.52
-3.69,10.41
-31.52,-31.12
9.34,8.88
-0.29,7.81
-2.18,0.96
6.83,13.01
0.51,14.44
3.77,3.29
12.92,0.26
-18.19,-40.55
6.8,19.69
-0.74,5.83
-6.31,-10.92
7.03,7.85
3.52,-4.59
4.35,11.62
-13.23,-17.53
-13.98,-28.16
1.01,-28.21
5.19,3.66
6.38,24.68
-21.63,-18.69
1.52,-21.4
-14.53,-11.85
3.95,1.9
-17.69,-29.46
-1.91,-1.82
14.19,20.39
-2.61,-13.01
2.52,-0.95
-15.65,-23.78
5.58,30.09
-6.51,3.47
26.53,25.04
4.57,-16.47
2.56,6.26
-8.05,6.09
-4.46,-17.83
-3.8,9.9
-2.96,8.86
-1.53,-12.66
-6.13,-25.36
-8.99,-18.16
-15.31,-16.75
-3.03,1.8
8.95,2.37
-0.86,-0.35
-5.46,-20.96
4.74,5.71
-0.44,-3.82
-17.27,-28.18
1.33,-7.38
-1.09,-15.2
4.95,11.12
-5.91,8.31
16.18,16.8
7.17,30.97
-13.02,-13.04
15.4,10.42
18.96,23.95
-1.55,2.69
15.27,25.03
15.34,35.86
2.21,8.56
6.0,-0.92
-2.35,-11.35
-0.78,12.96
-5.2,-23.0
16.37,21.73
2.76,2.71
-23.55,-24.77
13.01,13.51
2.32,23.09
10.29,19.07
-10.0,-12.3
-2.75,4.18
-12.91,-27.94
3.21,-15.37
7.69,16.99
0.69,1.5
1.28,26.7
-10.49,-9.32
6.33,10.86
-5.51,-1.67
-1.35,-11.86
1.39,10.23
-12.67,-11.32
9.55,17.37
-2.94,-14.57
6.58,7.22
5.33,3.45
-10.41,-18.56
2.72,4.84
-3.46,-13.48
-6.39,-27.33
-0.6,6.24
-16.82,-19.75
-2.01,-4.97
-0.73,1.68
-9.96,-15.76
-2.88,-8.85
3.14,13.38
-9.68,3.11
-23.8,-24.68
2.78,6.96
16.06,47.35
5.43,15.57
6.76,-2.52
10.16,9.92
5.16,12.42
-22.04,-20.96
0.26,31.48
13.03,18.97
-12.51,-26.7
-5.47,-16.34
17.59,12.64
1.71,17.57
5.36,19.53
-4.1,1.82
-6.89,1.07
10.49,10.73
-2.07,-13.53
-29.03,-17.64
-3.07,12.19
-4.33,7.37
1.55,-9.47
8.75,-1.67
-6.7,-11.16
-18.32,-12.81
