Champion,Gold_Data
aatrox,"[0.52, 90.21, 299.06, 343.18, 327.57, 317.71, 355.69, 337.01, 332.99, 353.44, 363.21, 356.63, 378.41, 407.76, 356.45, 399.31, 401.98, 413.32, 341.16, 416.38, 426.16, 406.64, 383.64, 337.63, 345.36, 387.6, 486.41, 487.67, 384.57, 419.88]"
ahri,"[2.5, 136.26, 318.69, 374.09, 364.44, 315.27, 387.86, 377.22, 368.54, 411.9, 408.29, 369.61, 405.94, 422.41, 367.85, 443.86, 412.74, 435.0, 400.34, 434.73, 430.69, 423.95, 402.83, 395.54, 397.18, 467.55, 455.64, 484.62, 421.17, 435.94]"
kaisa,"[0.98, 110.32, 330.36, 343.12, 342.02, 327.3, 383.74, 373.48, 367.6, 401.51, 383.23, 383.69, 432.38, 457.51, 405.27, 497.83, 497.36, 461.32, 486.11, 475.0, 492.58, 507.6, 521.31, 521.39, 484.05, 577.15, 657.9, 641.13, 529.9, 613.51]"
nilah,"[0.0, 97.0, 320.75, 309.25, 407.25, 335.0, 393.0, 413.75, 419.5, 396.75, 424.5, 326.25, 390.0, 343.75, 371.75, 459.25, 263.75, 533.0, 457.75, 487.75, 302.25, 365.0, 464.75, 454.75, 648.0, 687.0, 413.5, 789.75, 213.0, 310.5]"
poppy,"[1.27, 96.72, 288.52, 280.86, 248.08, 269.78, 277.19, 281.94, 280.61, 295.1, 308.26, 293.96, 303.16, 299.31, 290.0, 303.7, 294.27, 287.88, 288.82, 289.04, 271.51, 283.47, 315.29, 293.26, 299.07, 312.41, 319.82, 330.69, 305.47, 302.96]"
rakan,"[0.81, 66.36, 199.08, 213.56, 200.56, 211.36, 230.92, 217.87, 244.04, 235.73, 247.3, 261.22, 253.53, 240.14, 227.73, 239.09, 232.03, 237.88, 223.42, 233.08, 235.86, 259.92, 252.72, 249.69, 231.26, 278.09, 288.69, 279.26, 279.38, 285.92]"
taliyah,"[0.85, 138.54, 315.12, 367.71, 367.85, 312.46, 360.01, 366.77, 343.69, 399.34, 403.27, 361.81, 422.81, 423.98, 366.93, 428.15, 417.99, 443.93, 413.44, 412.63, 412.9, 452.08, 436.82, 428.47, 391.46, 454.15, 465.34, 471.81, 457.84, 457.84]"
vi,"[0.35, 128.6, 387.51, 371.02, 317.69, 311.06, 270.38, 371.57, 348.72, 363.77, 346.71, 309.89, 379.77, 404.77, 376.68, 401.52, 391.72, 378.95, 371.83, 380.04, 353.75, 336.57, 351.42, 347.06, 360.55, 350.76, 390.2, 386.78, 334.64, 377.3]"
warwick,"[2.5, 70.25, 320.75, 400.75, 290.75, 226.25, 305.75, 308.25, 274.25, 298.0, 371.5, 272.25, 337.0, 365.0, 301.5, 368.75, 382.5, 300.75, 380.5, 465.5, 339.5, 365.25, 348.0, 435.0, 377.25, 299.0, 384.5, 178.75, 363.0, 298.5]"
xin zhao,"[1.66, 129.51, 391.77, 392.58, 314.36, 328.74, 267.22, 356.56, 335.24, 370.62, 341.87, 318.4, 351.18, 396.36, 371.97, 374.4, 366.78, 379.94, 394.13, 354.57, 356.49, 371.02, 353.0, 363.22, 338.44, 378.15, 383.85, 403.12, 386.81, 391.51]"
alistar,"[0.31, 63.33, 191.7, 199.78, 201.39, 194.89, 219.99, 213.38, 228.31, 224.86, 239.49, 248.48, 241.42, 238.99, 227.69, 241.67, 228.4, 224.92, 233.75, 213.13, 223.9, 233.88, 229.9, 226.73, 223.64, 250.19, 279.66, 286.0, 278.81, 282.8]"
corki,"[0.52, 121.83, 328.75, 362.38, 342.33, 318.17, 375.5, 370.12, 356.24, 391.47, 389.32, 375.08, 422.8, 425.73, 374.17, 473.37, 458.67, 440.19, 469.87, 451.06, 480.93, 453.27, 410.15, 465.19, 456.61, 483.06, 531.03, 529.05, 534.93, 510.83]"
ezreal,"[1.76, 114.95, 342.46, 367.47, 326.26, 327.59, 376.55, 366.45, 351.76, 407.91, 375.64, 367.18, 396.84, 418.13, 346.44, 446.72, 441.36, 439.83, 443.78, 439.47, 439.04, 472.12, 453.61, 467.84, 435.25, 506.97, 557.97, 546.45, 542.54, 463.54]"
jax,"[1.19, 97.91, 301.54, 318.44, 316.09, 288.15, 362.85, 331.4, 327.15, 366.37, 356.43, 360.08, 384.32, 378.41, 350.95, 417.02, 428.42, 445.85, 403.32, 398.74, 411.25, 427.29, 416.11, 433.92, 410.27, 427.62, 511.08, 479.94, 445.68, 471.74]"
ksante,"[0.62, 88.64, 289.22, 337.99, 311.91, 315.25, 365.16, 327.21, 333.19, 378.52, 344.05, 349.16, 384.89, 368.32, 345.77, 403.76, 385.11, 389.1, 392.79, 377.11, 368.14, 356.91, 351.18, 361.38, 352.94, 384.04, 394.52, 354.89, 391.53, 358.65]"
maokai,"[0.49, 120.25, 369.24, 356.71, 296.71, 290.49, 279.06, 313.79, 322.34, 339.61, 314.71, 303.06, 316.91, 328.84, 349.58, 351.78, 314.67, 324.06, 315.18, 304.14, 286.13, 303.71, 307.45, 289.66, 283.71, 297.4, 335.89, 315.99, 315.51, 343.59]"
rell,"[0.72, 63.72, 204.32, 214.57, 200.71, 204.17, 226.26, 211.96, 241.47, 236.38, 242.28, 256.2, 241.8, 240.45, 237.58, 237.63, 238.04, 231.09, 228.47, 229.61, 229.38, 231.54, 235.02, 248.42, 244.41, 256.33, 285.39, 272.84, 267.83, 264.73]"
ryze,"[0.5, 133.85, 328.55, 366.18, 369.97, 320.38, 379.56, 388.94, 357.71, 402.62, 398.62, 346.85, 401.98, 389.29, 341.91, 420.98, 432.27, 445.46, 441.41, 422.6, 414.59, 444.83, 447.46, 441.8, 414.57, 484.5, 516.02, 529.3, 516.33, 541.53]"
varus,"[0.39, 106.88, 337.15, 370.43, 348.42, 312.15, 392.76, 370.05, 361.15, 394.95, 398.19, 373.23, 434.99, 430.29, 356.85, 432.25, 447.64, 437.87, 436.28, 442.65, 434.05, 445.14, 425.8, 433.82, 431.5, 525.05, 539.27, 548.02, 520.97, 507.17]"
wukong,"[0.62, 131.13, 398.13, 383.45, 297.59, 334.68, 258.65, 360.34, 326.8, 371.18, 335.56, 339.04, 345.22, 389.99, 379.34, 402.44, 402.58, 391.37, 404.86, 372.58, 363.82, 381.39, 361.13, 370.01, 368.9, 372.37, 402.45, 403.13, 362.1, 355.53]"
annie,"[3.76, 130.75, 319.49, 383.79, 358.2, 308.55, 377.56, 363.24, 340.79, 376.27, 368.02, 354.49, 403.84, 392.38, 362.96, 372.36, 417.82, 382.19, 429.43, 389.11, 365.15, 403.46, 354.29, 374.52, 391.79, 367.39, 424.11, 453.38, 395.85, 391.72]"
jhin,"[0.6, 115.43, 329.39, 359.15, 330.51, 313.74, 385.57, 354.49, 347.44, 374.57, 388.93, 363.78, 412.31, 433.3, 348.67, 456.81, 443.21, 461.75, 469.53, 442.73, 445.92, 463.74, 449.81, 450.78, 479.02, 513.3, 563.66, 535.19, 493.73, 512.2]"
lucian,"[5.86, 110.75, 327.7, 363.86, 347.95, 340.05, 389.93, 349.65, 332.04, 380.55, 383.92, 385.12, 450.64, 444.4, 364.52, 445.26, 472.96, 466.43, 492.14, 467.21, 469.46, 440.23, 470.59, 452.93, 479.05, 541.64, 567.22, 532.47, 503.61, 485.83]"
nami,"[0.0, 66.23, 192.54, 218.23, 221.92, 216.0, 200.38, 214.85, 265.54, 239.31, 229.15, 237.08, 282.23, 234.85, 247.38, 209.54, 243.08, 194.0, 219.15, 204.92, 276.69, 276.31, 191.85, 206.15, 229.54, 226.54, 267.85, 236.85, 220.0, 232.0]"
nautilus,"[4.72, 61.61, 198.77, 213.46, 213.63, 196.21, 227.01, 218.8, 247.69, 229.83, 239.88, 249.42, 244.55, 235.31, 224.65, 238.79, 234.75, 215.94, 217.57, 211.26, 234.12, 242.73, 227.12, 249.54, 233.92, 254.72, 269.21, 276.32, 274.06, 256.79]"
orianna,"[0.15, 130.19, 309.49, 358.85, 359.69, 311.16, 375.19, 365.31, 345.44, 379.85, 403.98, 350.97, 425.54, 413.62, 343.22, 436.4, 426.13, 416.32, 418.76, 427.63, 404.14, 433.78, 420.43, 430.97, 406.18, 444.69, 462.55, 475.67, 438.21, 435.5]"
ornn,"[0.36, 95.54, 299.71, 327.36, 300.72, 315.97, 328.3, 318.1, 333.25, 339.04, 348.49, 319.16, 376.42, 334.22, 322.78, 357.93, 374.19, 382.55, 332.99, 331.78, 329.04, 294.28, 334.67, 313.38, 307.54, 293.56, 368.66, 400.92, 328.83, 339.2]"
pantheon,"[0.68, 127.8, 384.35, 373.26, 312.78, 309.97, 291.68, 365.45, 331.63, 369.12, 364.94, 311.33, 396.75, 396.14, 371.49, 389.01, 411.97, 379.45, 381.12, 384.74, 341.02, 355.73, 354.77, 346.75, 376.75, 349.41, 386.8, 395.97, 360.15, 359.27]"
rumble,"[0.29, 90.35, 300.25, 371.12, 333.49, 314.2, 352.37, 355.81, 330.67, 370.54, 356.11, 353.13, 382.97, 374.98, 334.85, 388.7, 395.61, 383.97, 407.08, 391.96, 379.77, 382.64, 393.16, 384.89, 365.41, 406.16, 463.87, 454.9, 423.3, 394.77]"
trundle,"[1.29, 141.46, 411.71, 376.82, 296.89, 310.19, 265.02, 369.14, 284.6, 353.76, 353.74, 331.99, 378.35, 385.08, 382.72, 386.67, 398.57, 385.74, 380.98, 386.38, 376.54, 373.25, 359.03, 365.37, 363.55, 318.57, 354.22, 378.13, 361.47, 401.47]"
akali,"[0.41, 114.16, 301.65, 353.2, 349.57, 313.18, 387.04, 382.33, 362.98, 432.67, 386.29, 375.0, 418.59, 410.84, 368.88, 452.39, 410.71, 395.98, 407.65, 395.06, 438.51, 422.12, 412.08, 382.92, 419.67, 515.18, 461.41, 503.63, 425.07, 487.77]"
ashe,"[1.1, 115.88, 332.96, 350.15, 315.62, 311.54, 351.3, 376.11, 333.21, 386.77, 379.05, 390.13, 383.84, 403.63, 337.8, 383.44, 464.15, 429.8, 431.72, 431.77, 418.79, 442.28, 434.17, 426.84, 412.51, 514.45, 545.18, 571.18, 496.22, 531.19]"
blitzcrank,"[0.97, 55.35, 200.58, 183.9, 201.55, 199.42, 218.52, 207.94, 260.9, 226.13, 266.48, 249.13, 219.16, 260.68, 235.0, 243.39, 256.58, 235.03, 223.03, 242.71, 273.26, 215.65, 249.87, 240.23, 221.23, 299.06, 241.67, 279.12, 272.68, 266.7]"
kalista,"[3.56, 111.07, 334.06, 384.18, 331.8, 325.82, 405.69, 366.58, 370.69, 423.63, 410.48, 398.27, 393.68, 453.89, 348.41, 458.03, 512.19, 473.07, 486.47, 423.88, 434.78, 427.83, 516.17, 426.81, 437.28, 490.94, 564.76, 527.1, 548.06, 606.69]"
naafiri,"[4.11, 128.87, 413.18, 392.49, 309.36, 338.71, 299.42, 348.48, 358.04, 386.26, 354.24, 354.38, 385.72, 384.45, 364.0, 383.09, 407.89, 405.77, 414.48, 378.34, 368.33, 384.35, 341.38, 349.5, 408.47, 363.56, 401.96, 368.4, 372.52, 374.92]"
neeko,"[1.26, 68.49, 209.55, 210.72, 213.46, 224.71, 224.16, 216.59, 270.86, 249.54, 259.39, 265.89, 262.88, 248.58, 231.04, 250.96, 253.63, 243.42, 240.55, 223.14, 234.7, 243.14, 240.72, 237.76, 239.93, 267.5, 296.84, 286.35, 277.1, 259.02]"
nocturne,"[0.88, 129.27, 404.72, 362.62, 332.2, 313.92, 283.77, 377.15, 357.5, 378.08, 378.91, 347.16, 351.86, 400.0, 392.74, 436.77, 398.96, 387.41, 369.57, 372.61, 379.55, 361.08, 343.77, 356.2, 329.74, 373.44, 396.14, 367.78, 355.13, 327.41]"
renekton,"[0.52, 102.85, 313.88, 349.41, 351.98, 307.83, 384.77, 371.42, 330.84, 391.67, 343.44, 338.47, 412.2, 385.76, 332.42, 458.98, 417.46, 422.27, 428.95, 384.7, 410.78, 418.62, 397.94, 389.63, 370.3, 419.19, 477.73, 445.14, 428.93, 482.88]"
seraphine,"[0.0, 70.56, 210.89, 213.22, 224.44, 202.22, 226.78, 245.44, 318.44, 252.67, 263.44, 259.56, 279.11, 285.78, 217.33, 224.33, 239.78, 213.67, 284.56, 225.67, 240.89, 262.44, 235.0, 234.11, 221.0, 263.78, 269.89, 321.71, 261.0, 251.0]"
sion,"[0.36, 95.1, 300.12, 342.49, 309.07, 317.88, 348.1, 332.29, 358.59, 367.67, 368.42, 353.84, 372.86, 367.39, 349.1, 375.76, 395.47, 388.12, 387.76, 388.76, 395.4, 365.97, 340.11, 348.05, 342.32, 392.95, 353.7, 409.32, 336.17, 371.38]"
braum,"[1.67, 68.54, 199.02, 202.98, 204.02, 210.2, 218.77, 219.66, 242.04, 239.74, 238.11, 248.51, 254.35, 242.87, 210.64, 226.63, 239.12, 218.34, 234.11, 225.89, 238.07, 216.64, 227.94, 236.37, 222.94, 255.31, 260.24, 281.96, 269.94, 280.47]"
gnar,"[0.17, 93.53, 312.83, 341.4, 346.44, 312.4, 361.31, 352.38, 320.19, 393.32, 375.98, 381.63, 419.77, 394.7, 365.89, 391.89, 460.63, 427.96, 387.41, 421.83, 422.88, 470.9, 430.87, 422.66, 356.56, 413.97, 508.28, 423.59, 414.41, 423.68]"
gragas,"[0.17, 77.88, 245.05, 284.59, 273.64, 278.84, 298.17, 300.86, 305.26, 328.36, 323.45, 330.24, 344.17, 325.76, 301.24, 335.45, 353.91, 320.93, 356.84, 349.97, 332.22, 345.84, 308.86, 338.39, 299.82, 336.56, 406.29, 364.82, 322.85, 324.8]"
jarvan iv,"[0.55, 138.61, 406.24, 368.25, 316.42, 324.95, 276.28, 371.01, 331.33, 367.1, 344.16, 317.64, 368.67, 397.67, 380.02, 378.02, 357.5, 393.34, 404.28, 365.57, 352.24, 362.65, 405.91, 390.22, 372.25, 373.74, 416.35, 423.4, 386.42, 398.23]"
jayce,"[2.19, 108.51, 312.73, 364.11, 348.95, 326.59, 365.91, 374.94, 348.58, 390.08, 387.81, 365.73, 425.64, 417.25, 378.34, 430.6, 433.49, 407.3, 421.54, 442.97, 412.21, 438.93, 469.75, 424.58, 410.85, 495.3, 500.97, 464.04, 481.51, 464.15]"
leona,"[0.89, 58.83, 196.16, 209.41, 202.39, 199.1, 225.2, 215.28, 239.31, 228.87, 243.43, 262.01, 251.5, 247.65, 239.67, 256.43, 240.64, 236.2, 224.6, 214.32, 218.83, 240.06, 233.97, 233.57, 233.7, 257.98, 274.38, 264.27, 259.21, 237.98]"
lillia,"[0.98, 134.13, 400.5, 397.43, 315.13, 309.28, 302.26, 368.59, 371.7, 370.2, 345.46, 324.5, 384.35, 396.96, 402.7, 414.61, 381.7, 379.33, 394.57, 388.7, 373.83, 335.28, 390.0, 332.61, 425.0, 382.78, 421.13, 430.51, 426.12, 382.97]"
senna,"[1.27, 94.92, 311.23, 363.37, 317.07, 315.98, 353.32, 332.55, 351.83, 380.07, 369.13, 352.13, 426.67, 409.78, 351.07, 450.93, 403.8, 442.72, 440.25, 449.13, 421.88, 450.97, 436.47, 412.22, 436.92, 496.83, 437.02, 460.93, 471.98, 502.91]"
yone,"[0.53, 114.71, 304.28, 358.08, 373.73, 297.57, 372.22, 367.71, 329.35, 387.76, 411.69, 360.38, 408.83, 413.8, 357.35, 438.22, 467.24, 457.73, 449.48, 447.86, 414.28, 457.3, 434.53, 469.68, 407.14, 477.23, 556.85, 553.94, 550.88, 515.43]"
ziggs,"[0.96, 101.8, 323.22, 372.74, 340.04, 313.59, 367.24, 360.74, 374.93, 380.91, 429.67, 381.91, 415.98, 467.87, 365.41, 471.41, 424.26, 456.48, 459.0, 412.3, 398.0, 399.8, 445.89, 434.5, 445.22, 425.28, 518.15, 457.2, 397.28, 451.75]"
ambessa,"[1.45, 91.07, 287.9, 337.29, 320.74, 300.26, 353.12, 334.54, 337.25, 358.0, 335.59, 364.59, 417.21, 398.31, 324.82, 400.38, 408.53, 406.02, 401.15, 408.07, 419.96, 420.21, 411.35, 401.15, 407.4, 421.98, 463.52, 498.66, 418.84, 475.61]"
tristana,"[6.4, 122.14, 307.46, 351.38, 365.62, 323.68, 373.68, 368.74, 341.06, 378.72, 409.28, 377.56, 454.34, 465.06, 361.1, 497.72, 476.84, 432.7, 504.08, 420.4, 413.32, 449.84, 458.28, 494.58, 524.39, 538.66, 518.35, 516.78, 497.43, 605.51]"
aurora,"[0.34, 124.65, 313.54, 362.56, 342.06, 313.08, 374.34, 350.3, 342.74, 381.92, 380.02, 374.19, 405.99, 396.22, 369.85, 417.44, 414.67, 415.15, 430.67, 413.01, 426.73, 417.53, 372.02, 398.49, 407.85, 436.71, 466.06, 484.02, 429.85, 495.16]"
caitlyn,"[1.02, 114.14, 361.6, 382.55, 367.88, 300.86, 426.62, 378.62, 367.48, 401.1, 442.17, 399.88, 431.43, 484.88, 382.36, 445.05, 443.19, 418.71, 479.45, 419.29, 401.05, 450.71, 466.93, 442.33, 488.36, 568.8, 434.77, 571.71, 508.12, 595.06]"
karma,"[1.73, 69.92, 222.62, 213.31, 226.35, 216.35, 239.25, 221.9, 251.58, 235.92, 278.08, 275.15, 271.02, 239.23, 216.4, 243.29, 214.31, 223.19, 256.73, 218.98, 235.88, 223.23, 236.42, 250.79, 243.41, 255.86, 243.45, 288.73, 269.19, 225.98]"
miss fortune,"[0.04, 108.6, 330.38, 353.99, 329.33, 318.28, 401.24, 356.85, 371.53, 400.78, 402.24, 386.51, 448.4, 490.44, 404.68, 466.07, 473.86, 472.48, 490.58, 448.27, 460.25, 480.78, 484.68, 465.75, 490.94, 514.58, 591.56, 537.14, 561.83, 509.59]"
viktor,"[0.29, 138.13, 308.51, 356.75, 352.03, 314.52, 376.7, 369.77, 339.47, 394.99, 394.77, 372.61, 408.31, 411.23, 353.22, 405.52, 419.73, 433.62, 406.96, 408.67, 395.4, 417.83, 419.44, 422.69, 418.14, 443.6, 452.99, 452.19, 403.22, 452.99]"
yorick,"[0.47, 95.93, 319.96, 349.24, 324.42, 324.49, 333.45, 321.84, 353.18, 360.65, 344.32, 371.58, 392.31, 357.84, 340.19, 397.85, 420.09, 478.65, 462.41, 354.61, 427.15, 425.84, 418.45, 460.01, 424.0, 526.03, 433.74, 401.14, 433.79, 454.3]"
galio,"[0.25, 116.8, 294.39, 334.62, 345.42, 296.0, 369.92, 341.81, 346.49, 379.77, 377.88, 329.61, 401.61, 381.96, 321.98, 382.94, 410.41, 388.24, 396.56, 378.31, 376.58, 386.01, 372.02, 384.66, 326.46, 442.81, 442.46, 431.63, 441.68, 407.6]"
smolder,"[0.37, 126.19, 301.81, 379.74, 344.96, 321.67, 343.07, 349.52, 335.22, 397.67, 377.07, 372.07, 456.67, 414.3, 350.37, 429.41, 485.56, 446.89, 459.96, 405.37, 434.96, 447.33, 606.96, 463.78, 494.33, 491.74, 535.23, 552.15, 428.83, 549.1]"
xayah,"[0.54, 103.91, 324.41, 357.46, 320.28, 323.28, 393.03, 370.46, 346.09, 395.74, 396.12, 394.97, 451.85, 456.51, 373.29, 480.35, 491.05, 447.88, 469.33, 483.26, 455.37, 502.89, 492.91, 495.71, 474.11, 544.21, 581.02, 576.74, 598.02, 484.06]"
gwen,"[2.17, 101.02, 314.75, 331.82, 328.94, 301.02, 342.78, 323.17, 352.97, 375.27, 344.96, 345.02, 378.99, 377.18, 343.06, 389.98, 384.39, 402.64, 414.02, 406.07, 420.78, 429.16, 446.55, 442.16, 406.1, 458.61, 500.42, 453.27, 482.93, 487.53]"
khazix,"[0.0, 116.0, 422.0, 227.0, 637.0, 361.0, 382.0, 170.0, 386.0, 388.0, 397.0, 667.0, 122.0, 362.0, 421.0, 313.0, 292.0, 523.0, 242.0, 405.0, 354.0, 203.0, 433.0, 258.0, 222.0, 123.0, 377.0, 102.0, 0, 0]"
sylas,"[0.49, 111.54, 307.92, 356.31, 334.87, 316.42, 342.81, 355.35, 330.81, 379.22, 381.22, 367.02, 402.13, 408.09, 338.65, 391.69, 386.03, 433.58, 399.58, 394.08, 420.56, 392.52, 392.22, 379.31, 336.58, 386.34, 455.74, 466.28, 433.92, 441.05]"
twisted fate,"[0.88, 154.6, 371.44, 438.84, 418.56, 353.92, 376.76, 441.32, 379.4, 432.12, 525.4, 440.8, 463.44, 492.72, 370.76, 420.64, 468.8, 465.96, 448.2, 507.12, 468.48, 538.04, 424.0, 404.68, 488.6, 493.36, 570.32, 611.24, 441.42, 446.11]"
azir,"[0.25, 128.5, 307.0, 357.65, 352.86, 316.71, 383.75, 389.29, 339.0, 398.24, 401.06, 365.44, 431.41, 417.16, 376.57, 451.45, 467.42, 427.56, 442.2, 436.03, 458.97, 467.19, 455.65, 420.02, 431.66, 456.35, 543.1, 483.62, 498.39, 474.23]"
leblanc,"[2.27, 124.36, 344.09, 363.55, 345.0, 299.27, 345.91, 356.55, 324.0, 450.55, 346.91, 321.36, 427.64, 330.64, 360.27, 357.18, 414.73, 335.18, 368.91, 345.82, 535.27, 365.18, 365.18, 379.0, 312.27, 425.55, 490.55, 456.27, 330.7, 447.5]"
skarner,"[0.27, 126.36, 385.38, 370.27, 302.17, 315.95, 270.42, 343.25, 328.65, 350.93, 328.57, 288.39, 335.38, 341.05, 362.48, 365.52, 377.96, 337.95, 332.87, 334.63, 314.22, 360.51, 279.94, 301.22, 339.27, 323.06, 369.96, 332.72, 339.01, 308.64]"
viego,"[0.24, 128.71, 411.76, 369.21, 358.93, 295.86, 316.86, 362.69, 402.4, 347.57, 374.74, 349.36, 378.14, 390.93, 398.83, 383.52, 367.5, 399.1, 410.6, 434.55, 361.1, 360.83, 412.45, 421.38, 349.71, 519.07, 371.9, 356.49, 401.03, 347.75]"
yasuo,"[0.0, 121.75, 284.58, 366.83, 348.33, 309.17, 362.75, 335.92, 289.92, 368.83, 321.08, 400.75, 311.92, 360.42, 423.75, 400.83, 523.0, 385.58, 392.08, 391.75, 417.33, 392.92, 327.08, 389.92, 374.33, 426.33, 388.5, 437.92, 410.08, 375.75]"
bard,"[0.6, 71.88, 200.82, 217.07, 198.03, 203.51, 217.39, 212.97, 244.52, 233.6, 243.96, 258.19, 253.21, 236.82, 243.43, 244.87, 238.51, 252.24, 228.66, 244.46, 216.84, 238.16, 271.4, 231.06, 238.24, 275.91, 296.42, 292.29, 271.98, 280.07]"
gangplank,"[0.0, 78.75, 275.67, 388.08, 271.33, 318.92, 391.08, 302.75, 365.5, 428.58, 403.67, 373.83, 471.83, 497.33, 388.17, 513.17, 441.17, 458.42, 625.67, 463.58, 402.33, 511.08, 501.25, 481.92, 470.75, 457.25, 493.83, 323.82, 447.33, 430.12]"
kassadin,"[0.0, 100.5, 315.5, 344.25, 340.5, 284.75, 350.75, 302.5, 441.5, 523.75, 339.25, 416.25, 267.75, 376.5, 212.5, 462.5, 461.0, 454.5, 370.0, 682.25, 403.0, 420.25, 541.0, 530.75, 413.5, 524.25, 538.25, 511.75, 861.0, 413.33]"
sivir,"[0.31, 114.22, 319.45, 353.93, 338.81, 325.76, 381.49, 381.98, 370.4, 393.67, 385.79, 369.46, 468.77, 482.12, 388.25, 498.42, 480.81, 476.87, 518.97, 478.37, 460.7, 473.97, 511.46, 466.04, 549.21, 567.49, 577.44, 553.65, 589.56, 548.61]"
olaf,"[0.5, 95.5, 353.2, 318.9, 397.2, 302.3, 378.5, 303.6, 324.3, 389.7, 372.8, 308.9, 427.5, 570.9, 292.6, 416.6, 413.5, 342.6, 297.9, 474.6, 351.6, 484.2, 392.6, 509.7, 418.2, 390.9, 394.8, 314.4, 374.56, 422.12]"
veigar,"[150.0, 125.0, 284.0, 375.5, 343.0, 321.5, 301.5, 429.0, 303.0, 432.5, 478.0, 377.0, 370.0, 450.5, 475.0, 318.5, 914.5, 452.5, 561.0, 356.0, 352.0, 297.0, 308.0, 343.5, 663.0, 645.0, 549.0, 898.5, 422.0, 843.0]"
syndra,"[1.87, 129.2, 306.67, 376.0, 367.53, 290.73, 370.07, 404.33, 370.53, 441.47, 399.27, 395.87, 431.33, 438.27, 368.27, 553.07, 420.33, 383.8, 463.73, 422.33, 366.0, 528.07, 354.2, 399.07, 320.4, 399.53, 521.93, 465.4, 609.57, 390.08]"
hwei,"[0.24, 127.8, 303.29, 351.12, 353.1, 309.68, 383.98, 363.05, 374.85, 395.8, 406.37, 425.54, 408.32, 466.54, 334.54, 449.95, 386.29, 380.78, 386.0, 387.07, 385.24, 384.12, 379.2, 357.32, 392.95, 399.68, 378.45, 544.46, 420.03, 347.55]"
nunu,"[0.0, 131.0, 398.0, 373.0, 326.0, 307.0, 163.0, 248.0, 334.0, 467.0, 552.0, 508.0, 503.0, 307.0, 273.0, 467.0, 287.0, 241.0, 405.0, 127.0, 143.0, 516.0, 313.0, 891.0, 431.0, 173.0, 257.0, 426.0, 480.0, 143.0]"
chogath,"[0.83, 103.46, 303.42, 340.25, 340.88, 308.04, 334.79, 343.58, 360.21, 355.54, 378.12, 412.79, 383.71, 392.79, 300.92, 465.29, 311.62, 377.5, 343.62, 406.46, 315.96, 413.29, 315.71, 340.62, 337.46, 460.0, 382.91, 428.33, 358.0, 357.62]"
tahm kench,"[1.28, 67.72, 194.11, 198.0, 211.33, 192.11, 238.67, 205.83, 256.56, 241.44, 239.39, 286.33, 249.83, 222.5, 228.61, 198.72, 213.0, 258.17, 196.67, 270.61, 195.28, 211.33, 226.78, 269.17, 240.44, 245.88, 263.88, 187.64, 208.31, 188.7]"
lee sin,"[0.27, 125.95, 385.95, 421.24, 309.62, 327.43, 278.81, 359.38, 345.43, 365.11, 346.62, 363.95, 378.08, 371.76, 392.78, 370.95, 346.84, 397.49, 365.14, 409.41, 319.08, 394.16, 292.14, 341.05, 405.51, 331.76, 477.78, 380.42, 392.36, 277.58]"
mundo,"[0.45, 167.55, 401.0, 306.45, 308.73, 356.45, 292.82, 361.91, 446.64, 378.18, 375.64, 382.64, 417.0, 401.82, 397.45, 368.64, 467.09, 491.82, 321.82, 461.64, 386.18, 371.27, 456.91, 352.45, 454.82, 413.09, 390.1, 509.0, 552.12, 352.25]"
mordekaiser,"[0.0, 79.5, 351.0, 342.5, 333.0, 266.0, 470.5, 315.0, 311.5, 327.5, 524.0, 249.5, 203.0, 290.5, 679.5, 200.0, 405.5, 407.0, 735.0, 281.5, 402.5, 622.0, 233.0, 274.5, 132.5, 399.0, 238.0, 305.5, 459.0, 422.0]"
renata glasc,"[1.23, 71.69, 210.67, 216.45, 209.33, 203.03, 238.64, 225.65, 235.41, 243.75, 246.82, 251.42, 261.65, 257.45, 230.15, 226.07, 236.45, 249.59, 238.8, 225.47, 214.94, 222.52, 237.67, 243.23, 209.07, 262.36, 263.36, 321.44, 277.87, 318.85]"
shen,"[0.71, 65.0, 257.57, 250.76, 252.29, 218.62, 268.62, 259.05, 274.67, 272.57, 277.33, 308.76, 327.86, 303.24, 289.9, 290.33, 313.71, 315.9, 340.24, 301.9, 272.48, 242.19, 273.86, 276.43, 280.95, 341.38, 411.43, 363.5, 228.64, 302.4]"
elise,"[2.11, 76.2, 233.71, 246.6, 244.84, 201.13, 269.33, 231.38, 263.76, 239.13, 277.33, 287.73, 290.38, 281.76, 283.82, 227.82, 220.38, 230.0, 253.27, 215.11, 229.24, 248.67, 267.43, 252.3, 279.84, 270.81, 345.85, 275.24, 303.64, 262.16]"
sejuani,"[0.47, 129.59, 384.81, 364.1, 305.67, 325.7, 274.43, 352.1, 335.05, 350.13, 335.56, 298.95, 326.53, 341.36, 354.22, 335.44, 363.97, 342.06, 322.99, 334.24, 305.29, 300.49, 339.86, 307.64, 297.54, 331.08, 322.92, 318.74, 294.31, 300.36]"
swain,"[0.0, 71.4, 295.2, 343.2, 336.8, 306.0, 343.2, 348.4, 303.6, 353.4, 303.4, 278.2, 408.4, 278.4, 309.2, 352.8, 409.8, 410.4, 318.6, 322.0, 383.2, 313.6, 471.2, 307.2, 307.2, 363.8, 407.6, 382.8, 313.8, 562.0]"
thresh,"[2.86, 72.0, 215.79, 208.71, 178.14, 198.86, 233.5, 272.57, 208.93, 252.21, 232.57, 243.21, 316.79, 237.93, 216.57, 241.57, 252.93, 218.14, 225.29, 197.93, 228.36, 245.57, 214.57, 243.07, 206.86, 246.62, 252.85, 275.31, 288.18, 164.36]"
zed,"[0.62, 189.81, 461.69, 307.44, 351.12, 312.12, 279.75, 435.75, 401.56, 342.81, 324.62, 347.12, 376.62, 419.25, 439.44, 362.81, 398.44, 412.5, 412.56, 424.06, 396.06, 346.19, 404.69, 382.06, 351.31, 450.56, 403.25, 415.2, 336.75, 376.5]"
cassiopeia,"[0.4, 130.36, 312.2, 354.2, 377.2, 328.0, 393.28, 380.4, 373.12, 401.48, 410.68, 342.12, 349.76, 413.8, 364.8, 429.92, 387.16, 421.16, 428.76, 385.2, 430.72, 325.92, 408.2, 329.8, 425.76, 381.44, 475.8, 449.48, 444.05, 580.2]"
jinx,"[7.07, 113.33, 357.7, 362.63, 352.09, 331.8, 401.11, 361.24, 361.8, 438.59, 395.3, 384.91, 464.8, 507.22, 357.39, 465.8, 472.3, 509.39, 505.07, 455.91, 421.37, 472.76, 478.78, 449.67, 518.71, 538.16, 526.88, 470.07, 610.95, 552.91]"
zyra,"[0.8, 157.02, 459.36, 363.93, 355.98, 318.27, 297.59, 429.23, 398.27, 348.07, 341.41, 353.41, 367.98, 376.11, 401.61, 403.27, 388.52, 378.77, 347.27, 388.89, 326.16, 369.45, 328.05, 333.35, 319.57, 339.5, 409.15, 327.62, 419.69, 316.47]"
garen,"[0.0, 84.75, 331.25, 351.25, 362.5, 299.0, 287.0, 338.5, 322.5, 268.5, 442.75, 367.75, 306.0, 532.5, 242.0, 455.75, 349.0, 460.25, 431.25, 554.75, 457.0, 293.75, 286.25, 284.5, 400.25, 256.75, 508.5, 571.75, 651.0, 759.25]"
camille,"[14.88, 92.93, 271.67, 319.36, 302.83, 289.24, 315.45, 295.29, 348.12, 336.62, 321.1, 332.67, 354.93, 303.07, 351.07, 355.19, 438.57, 444.05, 432.9, 458.67, 410.45, 399.95, 446.02, 423.05, 401.95, 512.65, 544.36, 523.47, 540.09, 515.6]"
irelia,"[0.0, 79.5, 258.0, 310.0, 460.5, 282.0, 528.0, 319.0, 355.0, 232.5, 482.5, 371.0, 408.5, 652.5, 333.5, 351.5, 673.5, 388.5, 1134.5, 447.0, 276.5, 377.5, 393.5, 376.0, 468.5, 314.5, 375.0, 480.5, 843.0, 377.0]"
aphelios,"[0.23, 112.14, 330.55, 362.41, 324.32, 324.95, 397.09, 397.55, 417.55, 353.41, 392.32, 354.59, 459.18, 505.95, 397.14, 489.45, 418.18, 487.82, 394.5, 462.86, 435.41, 525.14, 494.68, 535.82, 516.27, 540.77, 500.5, 680.47, 531.65, 603.25]"
aurelion sol,"[0.0, 132.7, 306.4, 380.6, 334.1, 279.8, 362.3, 348.2, 326.3, 354.3, 414.4, 419.2, 391.6, 433.0, 372.7, 402.9, 382.6, 521.9, 278.7, 456.0, 480.6, 371.3, 444.1, 392.0, 510.22, 489.67, 540.22, 567.0, 476.22, 632.71]"
sett,"[0.0, 94.11, 296.44, 316.0, 316.78, 256.11, 368.0, 290.33, 273.33, 380.89, 395.67, 382.33, 403.0, 332.56, 388.67, 417.33, 385.11, 503.89, 307.33, 307.56, 430.56, 309.44, 468.33, 341.22, 252.78, 376.89, 560.0, 643.75, 487.14, 750.75]"
urgot,"[0.0, 84.75, 285.75, 357.75, 308.0, 382.0, 297.5, 341.0, 281.75, 339.75, 407.5, 244.5, 365.5, 276.25, 427.25, 471.75, 482.0, 451.75, 377.75, 264.0, 432.5, 337.75, 704.0, 352.25, 397.25, 463.33, 183.0, 657.67, 192.67, 330.0]"
zilean,"[0.0, 110.0, 272.5, 287.25, 300.5, 253.25, 289.75, 345.75, 274.75, 374.25, 363.25, 259.75, 234.25, 403.25, 270.75, 315.5, 281.0, 335.75, 242.5, 297.75, 284.25, 252.0, 136.0, 343.0, 220.5, 280.25, 292.75, 286.75, 213.67, 213.67]"
draven,"[0.26, 104.84, 367.63, 360.79, 375.0, 306.21, 377.53, 341.84, 423.05, 401.26, 348.63, 377.63, 442.74, 464.16, 567.21, 436.37, 544.89, 428.63, 501.79, 497.89, 480.11, 483.79, 652.26, 373.28, 486.72, 550.56, 476.18, 620.81, 595.62, 594.73]"
nidalee,"[5.2, 123.64, 409.61, 403.75, 329.64, 349.87, 337.94, 413.03, 391.54, 381.94, 358.64, 400.61, 358.19, 380.26, 410.86, 401.97, 419.86, 418.52, 440.07, 431.2, 418.74, 347.84, 414.49, 405.16, 375.93, 417.39, 426.47, 389.05, 475.56, 448.27]"
pyke,"[0.67, 62.67, 218.0, 199.47, 196.2, 197.2, 218.93, 242.47, 283.2, 217.53, 248.0, 400.53, 218.87, 264.6, 366.07, 308.8, 214.93, 381.93, 268.13, 252.2, 251.07, 226.0, 326.8, 234.67, 355.93, 323.6, 313.53, 380.73, 270.15, 387.08]"
fiora,"[0.0, 95.25, 352.25, 308.5, 380.75, 274.75, 398.25, 356.5, 294.0, 431.75, 455.75, 436.25, 449.75, 341.25, 405.5, 308.0, 440.5, 404.75, 527.0, 567.0, 641.5, 615.5, 568.5, 362.75, 817.75, 856.0, 367.33, 629.67, 699.33, 523.0]"
zeri,"[0.48, 112.41, 312.79, 361.01, 359.3, 317.63, 366.3, 382.14, 375.34, 413.47, 393.59, 406.29, 469.37, 462.45, 410.99, 483.48, 478.97, 460.1, 483.81, 512.74, 499.04, 513.52, 489.82, 485.53, 505.97, 591.36, 605.03, 757.06, 527.25, 536.0]"
kindred,"[0.56, 131.0, 397.89, 384.56, 345.22, 313.44, 205.33, 442.56, 330.78, 310.67, 436.89, 257.44, 316.0, 443.11, 299.33, 347.67, 551.56, 400.22, 347.89, 386.89, 362.78, 421.11, 303.0, 268.22, 302.33, 559.22, 261.0, 265.56, 240.5, 296.86]"
vladimir,"[0.0, 103.89, 334.56, 381.67, 332.89, 325.56, 336.78, 326.78, 286.56, 314.44, 375.56, 435.0, 357.11, 450.0, 310.89, 384.56, 433.78, 299.11, 383.11, 557.89, 447.44, 521.44, 371.78, 580.22, 423.0, 477.11, 409.33, 661.56, 377.88, 431.57]"
yuumi,"[0.0, 57.0, 198.0, 230.0, 221.6, 205.8, 204.4, 218.2, 201.8, 231.4, 271.0, 236.4, 209.8, 212.8, 210.6, 207.4, 183.2, 204.6, 181.8, 172.4, 246.2, 191.4, 175.0, 193.0, 210.0, 188.0, 227.4, 356.2, 286.4, 243.8]"
kennen,"[0.42, 95.5, 315.75, 402.92, 348.33, 281.67, 393.0, 361.33, 360.33, 376.0, 378.58, 360.08, 476.25, 369.25, 455.83, 490.75, 416.0, 409.08, 345.58, 366.67, 367.67, 356.42, 485.25, 302.25, 306.92, 466.0, 475.82, 658.18, 348.6, 411.57]"
brand,"[0.0, 130.29, 413.71, 333.29, 288.71, 330.0, 245.29, 417.71, 376.0, 332.29, 292.57, 326.71, 416.0, 402.0, 427.29, 339.57, 309.29, 338.14, 370.43, 327.29, 392.57, 352.29, 311.57, 328.14, 462.14, 257.14, 249.86, 321.86, 227.57, 266.57]"
ivern,"[1.2, 44.2, 628.28, 259.64, 203.96, 291.4, 338.28, 287.0, 296.84, 378.2, 325.4, 311.72, 330.6, 343.8, 367.12, 306.68, 292.56, 326.32, 329.16, 353.4, 317.88, 315.12, 279.92, 274.16, 263.52, 308.33, 295.26, 303.32, 371.0, 342.25]"
karthus,"[1.67, 169.33, 315.67, 469.0, 177.33, 352.0, 267.67, 362.0, 391.33, 354.0, 296.0, 540.0, 429.67, 258.0, 491.33, 481.33, 422.67, 575.67, 373.0, 315.0, 437.33, 518.0, 418.33, 297.33, 459.67, 500.0, 516.33, 576.33, 564.67, 435.0]"
kayle,"[0.0, 130.0, 320.0, 447.0, 397.0, 255.0, 283.0, 356.0, 390.0, 541.0, 367.0, 660.0, 422.0, 417.0, 378.0, 418.0, 312.0, 782.0, 619.0, 763.0, 1607.0, 372.0, 524.0, 347.0, 1036.0, 284.0, 926.0, 494.0, 0, 0]"
quinn,"[0.0, 88.0, 319.0, 367.0, 271.0, 364.0, 270.0, 396.0, 307.0, 436.0, 401.0, 307.0, 375.0, 663.0, 284.0, 178.0, 996.0, 278.0, 422.0, 444.0, 874.0, 303.0, 995.0, 597.0, 321.0, 386.0, 597.0, 718.0, 623.0, 551.0]"
milio,"[0.0, 64.5, 204.17, 200.67, 241.0, 266.5, 193.33, 204.33, 302.67, 225.83, 266.67, 289.5, 248.33, 226.67, 177.83, 176.0, 186.33, 207.0, 262.67, 227.17, 198.67, 183.83, 214.67, 225.0, 240.33, 190.0, 164.17, 305.4, 224.25, 246.25]"
morgana,"[0.0, 95.33, 271.17, 277.17, 333.17, 270.67, 319.33, 328.83, 340.5, 324.67, 306.83, 303.83, 299.67, 412.0, 237.67, 359.5, 259.0, 350.67, 289.5, 263.17, 340.67, 259.33, 285.33, 295.0, 305.17, 374.83, 359.5, 404.6, 193.67, 491.0]"
lulu,"[0.62, 67.25, 220.7, 207.4, 204.07, 206.15, 221.7, 216.35, 269.15, 222.85, 257.6, 259.9, 231.15, 260.1, 221.2, 206.53, 223.62, 206.12, 236.68, 213.78, 221.93, 280.1, 244.03, 209.18, 230.87, 220.87, 269.97, 282.32, 243.88, 260.48]"
zoe,"[0.56, 134.33, 332.22, 382.78, 366.89, 308.67, 351.11, 377.0, 342.78, 433.78, 349.44, 415.78, 412.67, 438.56, 307.0, 465.22, 442.67, 295.89, 403.22, 443.44, 451.56, 396.78, 365.56, 400.0, 382.67, 391.0, 440.22, 306.88, 328.71, 260.5]"
taric,"[0.0, 62.8, 188.8, 295.4, 208.0, 208.0, 229.4, 217.0, 242.2, 278.4, 227.6, 254.4, 300.6, 219.0, 264.6, 215.2, 320.6, 202.2, 224.8, 196.6, 264.2, 233.0, 273.0, 195.8, 335.4, 295.2, 251.6, 317.25, 226.5, 212.5]"
diana,"[0.0, 116.25, 384.0, 427.0, 248.75, 298.25, 305.5, 319.25, 370.25, 437.0, 304.0, 381.25, 299.75, 197.0, 367.25, 449.25, 271.25, 264.75, 384.25, 477.75, 271.0, 271.0, 262.5, 340.0, 283.5, 286.0, 335.0, 580.25, 462.75, 273.0]"
vex,"[0.0, 140.67, 312.0, 343.67, 342.0, 355.0, 415.33, 477.33, 292.33, 473.0, 518.33, 368.33, 376.33, 315.33, 358.67, 320.0, 454.67, 244.67, 361.33, 676.67, 237.0, 440.33, 369.67, 428.67, 304.0, 637.33, 577.33, 267.33, 437.0, 582.0]"
anivia,"[0.62, 84.25, 301.5, 325.62, 314.0, 297.25, 402.75, 294.12, 307.38, 328.38, 419.5, 284.25, 373.12, 405.88, 311.88, 398.38, 386.88, 440.62, 505.5, 352.75, 365.38, 502.38, 388.88, 348.25, 547.12, 322.5, 299.88, 407.5, 533.2, 526.8]"
fiddlesticks,"[0.0, 90.0, 303.0, 227.0, 216.0, 240.67, 444.0, 242.67, 285.67, 302.67, 244.33, 358.33, 246.0, 332.33, 246.33, 314.0, 233.33, 227.67, 337.67, 189.0, 254.33, 321.67, 400.33, 335.33, 263.33, 318.67, 271.67, 282.67, 298.33, 426.0]"
talon,"[0.0, 121.0, 427.0, 373.0, 326.0, 312.0, 314.0, 341.0, 144.0, 585.0, 346.0, 268.0, 311.0, 582.0, 267.0, 264.0, 840.0, 271.0, 265.0, 477.0, 267.0, 462.0, 460.0, 633.0, 1266.0, 339.0, 1543.0, 330.0, 0, 0]"
soraka,"[0.0, 69.5, 193.5, 263.0, 197.5, 156.0, 222.5, 269.0, 210.5, 240.5, 162.5, 223.5, 182.5, 313.5, 229.5, 209.5, 165.0, 200.0, 187.5, 520.5, 195.0, 190.0, 203.0, 195.0, 249.5, 413.0, 177.0, 218.0, 215.5, 216.5]"
malzahar,"[0.0, 83.0, 326.0, 379.0, 371.0, 346.0, 303.0, 398.0, 325.0, 593.0, 398.0, 332.0, 372.0, 861.0, 481.0, 384.0, 397.0, 317.0, 676.0, 318.0, 401.0, 779.0, 380.0, 297.0, 389.0, 707.0, 185.0, 506.0, 796.0, 345.0]"
yunara,"[0.26, 116.85, 326.0, 359.64, 340.9, 333.62, 392.56, 371.05, 403.23, 371.1, 417.1, 352.85, 533.28, 470.46, 427.56, 541.26, 472.1, 462.54, 412.05, 465.56, 455.44, 527.1, 509.87, 529.03, 470.64, 573.26, 554.68, 634.65, 584.5, 594.65]"
janna,"[5.0, 67.0, 181.0, 210.0, 219.5, 177.5, 195.0, 209.5, 263.5, 249.5, 214.5, 252.0, 358.0, 180.0, 275.0, 182.5, 155.0, 152.0, 249.5, 197.5, 202.0, 272.0, 230.5, 228.0, 246.0, 254.5, 275.5, 557.5, 203.0, 277.0]"
hecarim,"[0.0, 131.0, 473.0, 312.0, 322.0, 396.0, 123.0, 492.0, 349.0, 342.0, 371.0, 287.0, 404.0, 486.0, 422.0, 634.0, 853.0, 282.0, 592.0, 408.0, 436.0, 442.0, 311.0, 347.0, 312.0, 157.0, 1255.0, 6.0, 0, 0]"
vayne,"[0.0, 68.33, 333.0, 288.67, 353.0, 371.0, 411.0, 368.33, 277.0, 335.67, 482.33, 309.67, 462.0, 408.33, 284.0, 334.33, 377.33, 450.33, 410.67, 354.0, 560.0, 328.33, 514.0, 492.33, 299.67, 436.67, 349.33, 470.67, 209.33, 483.67]"
mel,"[37.5, 127.38, 353.0, 398.38, 342.62, 335.38, 424.12, 367.88, 314.25, 418.88, 502.62, 317.0, 384.25, 430.75, 411.75, 437.25, 431.88, 538.88, 297.25, 502.12, 492.12, 373.25, 414.25, 353.0, 498.12, 353.62, 477.0, 290.14, 366.43, 426.17]"
qiyana,"[0.0, 130.17, 433.17, 397.33, 282.33, 320.83, 336.83, 457.0, 302.0, 562.83, 463.33, 344.17, 334.33, 455.17, 375.67, 402.33, 360.17, 391.0, 454.33, 372.83, 340.33, 325.33, 348.33, 273.17, 328.17, 419.33, 353.33, 278.5, 444.33, 366.8]"
tryndamere,"[0.0, 118.0, 294.5, 341.5, 320.0, 257.5, 808.5, 392.0, 257.5, 444.0, 472.0, 318.5, 423.5, 349.5, 476.5, 582.5, 586.5, 297.0, 377.5, 429.5, 335.0, 359.0, 572.5, 533.5, 546.5, 197.0, 579.5, 166.0, 159.0, 0]"
lissandra,"[0.0, 151.0, 333.0, 353.0, 333.0, 332.0, 380.0, 405.0, 311.0, 408.0, 368.0, 311.0, 414.0, 423.0, 301.0, 277.0, 308.0, 327.0, 1512.0, 713.0, 509.0, 423.0, 123.0, 1015.0, 695.0, 426.0, 339.0, 731.0, 407.0, 123.0]"
rammus,"[0.0, 69.0, 163.0, 221.0, 229.0, 162.0, 199.0, 195.0, 254.0, 197.0, 276.0, 225.0, 227.0, 167.0, 158.0, 152.0, 153.0, 182.0, 224.0, 187.0, 316.0, 218.0, 157.0, 168.0, 153.0, 285.0, 158.0, 367.0, 246.0, 215.0]"
reksai,"[2.14, 88.43, 318.71, 286.43, 345.71, 319.71, 369.0, 351.71, 381.29, 381.71, 310.57, 379.14, 384.14, 440.86, 285.71, 408.71, 280.43, 445.14, 397.29, 416.57, 357.57, 340.71, 442.86, 388.29, 340.29, 449.14, 449.29, 567.86, 322.71, 390.0]"
xerath,"[2.5, 132.0, 308.5, 314.5, 341.5, 307.5, 341.5, 349.0, 297.0, 463.5, 355.0, 340.5, 363.0, 602.0, 347.5, 436.5, 375.0, 338.5, 835.0, 391.0, 538.0, 369.0, 480.5, 266.5, 770.0, 476.0, 175.0, 305.5, 422.0, 123.0]"
lux,"[0.0, 97.0, 186.0, 273.0, 195.0, 141.0, 230.0, 192.0, 262.0, 283.0, 228.0, 225.0, 217.0, 153.0, 202.0, 292.0, 268.0, 212.0, 234.0, 187.0, 227.0, 168.0, 315.0, 202.0, 199.0, 158.0, 154.0, 202.0, 152.0, 186.0]"
kog,"[0.0, 87.0, 363.0, 383.67, 314.67, 238.67, 448.67, 335.33, 287.33, 407.0, 266.33, 394.33, 451.33, 389.67, 315.67, 495.0, 578.33, 409.67, 357.0, 295.67, 316.33, 513.0, 640.0, 379.0, 477.33, 566.0, 375.67, 880.0, 648.67, 476.0]"
udyr,"[0.0, 41.0, 266.0, 457.0, 322.0, 255.0, 348.0, 342.0, 283.0, 296.0, 283.0, 306.0, 331.0, 304.0, 347.0, 363.0, 210.0, 424.0, 333.0, 380.0, 442.0, 158.0, 192.0, 347.0, 380.0, 927.0, 578.0, 122.0, 442.0, 158.0]"
amumu,"[0.0, 128.5, 348.0, 241.0, 298.5, 317.5, 267.0, 316.5, 275.0, 335.0, 348.0, 240.0, 290.0, 244.5, 307.5, 301.5, 243.5, 290.0, 272.5, 249.5, 179.5, 348.5, 247.5, 328.0, 258.0, 182.0, 200.0, 349.0, 270.0, 270.0]"
twitch,"[0.0, 125.0, 347.0, 335.5, 301.0, 353.0, 386.5, 212.0, 339.0, 332.0, 311.0, 345.5, 327.5, 400.0, 332.5, 644.5, 614.0, 253.5, 592.0, 293.0, 441.5, 323.5, 281.5, 417.5, 503.0, 259.0, 428.0, 398.0, 485.0, 2135.0]"
zac,"[0.0, 131.0, 308.0, 341.0, 370.0, 323.0, 270.0, 283.0, 594.0, 329.0, 381.0, 340.0, 122.0, 442.0, 467.0, 336.0, 378.0, 687.0, 280.0, 569.0, 245.0, 415.0, 383.0, 287.0, 231.0, 203.0, 177.0, 357.0, 478.0, 812.0]"
kled,"[1.0, 75.2, 321.8, 335.2, 372.8, 277.8, 352.8, 280.6, 355.2, 374.0, 305.8, 341.2, 384.6, 331.6, 311.2, 334.4, 376.8, 379.6, 436.8, 437.8, 452.8, 358.6, 387.6, 442.6, 620.0, 547.8, 392.0, 469.4, 381.0, 457.6]"
volibear,"[0.0, 115.2, 449.6, 328.4, 339.0, 328.8, 226.2, 355.6, 238.2, 399.6, 340.0, 389.4, 354.6, 359.6, 335.2, 383.8, 493.2, 352.2, 495.2, 432.0, 370.0, 341.4, 412.2, 404.6, 248.6, 422.6, 450.75, 428.75, 567.0, 221.0]"
malphite,"[0.0, 62.0, 291.0, 353.0, 263.0, 377.0, 362.0, 342.0, 241.0, 352.0, 311.0, 220.0, 1161.0, 326.0, 339.0, 459.0, 214.0, 172.0, 451.0, 431.0, 465.0, 215.0, 346.0, 401.0, 740.0, 151.0, 693.0, 322.0, 156.0, 172.0]"
